#,Company,Symbol,Weight,Â Â Â Â Â Â Price,Chg,% Chg
1,Nvidia,NVDA,7.17%,Â Â 183.32,5.25,(2.95%)
2,Apple Inc.,AAPL,5.86%,Â Â 247.65,0.95,(0.39%)
3,Microsoft,MSFT,5.31%,Â Â 444.11,-10.41,(-2.29%)
4,Amazon,AMZN,3.98%,Â Â 231.31,0.31,(0.13%)
5,Alphabet Inc. (Class A),GOOGL,3.31%,Â Â 328.38,6.38,(1.98%)
6,Alphabet Inc. (Class C),GOOG,3.07%,Â Â 328.38,6.22,(1.93%)
7,Broadcom,AVGO,2.51%,Â Â 328.80,-3.80,(-1.14%)
8,Meta Platforms,META,2.49%,Â Â 612.96,8.84,(1.46%)
9,"Tesla, Inc.",TSLA,2.31%,Â Â 431.44,12.19,(2.91%)
10,Berkshire Hathaway,BRK.B,1.68%,Â Â 483.83,-1.56,(-0.32%)
11,Lilly (Eli),LLY,1.55%,Â Â 1078.52,37.23,(3.58%)
12,Walmart,WMT,1.53%,Â Â 119.36,0.65,(0.55%)
13,JPMorgan Chase,JPM,1.31%,Â Â 302.04,-0.70,(-0.23%)
14,Visa Inc.,V,1.01%,Â Â 325.28,-0.54,(-0.17%)
15,ExxonMobil,XOM,0.91%,Â Â 133.61,3.15,(2.41%)
16,Johnson & Johnson,JNJ,0.85%,Â Â 218.01,-0.20,(-0.09%)
17,Oracle Corporation,ORCL,0.80%,Â Â 173.88,-6.04,(-3.36%)
18,Mastercard,MA,0.76%,Â Â 527.57,-4.17,(-0.78%)
19,Micron Technology,MU,0.70%,Â Â 389.11,24.11,(6.61%)
20,Costco,COST,0.70%,Â Â 982.86,18.60,(1.93%)
21,Advanced Micro Devices,AMD,0.65%,Â Â 249.80,17.88,(7.71%)
22,Palantir Technologies,PLTR,0.63%,Â Â 165.33,-3.20,(-1.90%)
23,Home Depot (The),HD,0.62%,Â Â 384.64,9.53,(2.54%)
24,AbbVie,ABBV,0.61%,Â Â 216.15,2.11,(0.99%)
25,Bank of America,BAC,0.60%,Â Â 52.07,-0.03,(-0.06%)
26,Netflix,NFLX,0.58%,Â Â 85.36,-1.90,(-2.18%)
27,Procter & Gamble,PG,0.55%,Â Â 146.06,-0.94,(-0.64%)
28,GE Aerospace,GE,0.54%,Â Â 318.50,6.16,(1.97%)
29,Chevron Corporation,CVX,0.54%,Â Â 166.73,1.43,(0.87%)
30,UnitedHealth Group,UNH,0.51%,Â Â 347.75,9.32,(2.75%)
31,Coca-Cola Company (The),KO,0.50%,Â Â 72.01,0.26,(0.36%)
32,Caterpillar Inc.,CAT,0.49%,Â Â 645.38,16.38,(2.60%)
33,Cisco,CSCO,0.47%,Â Â 73.69,0.34,(0.46%)
34,Morgan Stanley,MS,0.47%,Â Â 183.32,1.22,(0.67%)
35,Lam Research,LRCX,0.46%,Â Â 228.39,5.98,(2.69%)
36,Goldman Sachs,GS,0.46%,Â Â 953.01,9.64,(1.02%)
37,IBM,IBM,0.45%,Â Â 297.54,6.19,(2.12%)
38,Merck & Co.,MRK,0.44%,Â Â 111.11,1.66,(1.52%)
39,Wells Fargo,WFC,0.43%,Â Â 86.12,-0.54,(-0.62%)
40,RTX Corporation,RTX,0.43%,Â Â 197.50,1.14,(0.58%)
41,Philip Morris International,PM,0.42%,Â Â 168.81,1.63,(0.97%)
42,Intel,INTC,0.42%,Â Â 54.25,5.69,(11.72%)
43,Applied Materials,AMAT,0.42%,Â Â 325.24,7.01,(2.20%)
44,American Express,AXP,0.40%,Â Â 359.61,7.42,(2.11%)
45,Thermo Fisher Scientific,TMO,0.38%,Â Â 636.30,17.29,(2.79%)
46,McDonald's,MCD,0.35%,Â Â 305.69,2.85,(0.94%)
47,Abbott Laboratories,ABT,0.34%,Â Â 120.73,-0.41,(-0.34%)
48,Salesforce,CRM,0.33%,Â Â 221.58,1.51,(0.69%)
49,T-Mobile US,TMUS,0.33%,Â Â 183.60,-0.05,(-0.03%)
50,Linde plc,LIN,0.33%,Â Â 439.35,6.20,(1.43%)
51,Walt Disney Company (The),DIS,0.33%,Â Â 113.19,2.85,(2.58%)
52,PepsiCo,PEP,0.32%,Â Â 146.74,-0.92,(-0.62%)
53,KLA Corporation,KLAC,0.32%,Â Â 1520.00,33.82,(2.28%)
54,Citigroup,C,0.32%,Â Â 113.86,1.06,(0.94%)
55,Boeing,BA,0.32%,Â Â 250.07,1.07,(0.43%)
56,Amphenol,APH,0.30%,Â Â 154.60,2.27,(1.49%)
57,Intuitive Surgical,ISRG,0.30%,Â Â 523.69,-3.75,(-0.71%)
58,Amgen,AMGN,0.30%,Â Â 343.60,12.60,(3.81%)
59,GE Vernova,GEV,0.29%,Â Â 667.89,-16.97,(-2.48%)
60,Charles Schwab Corporation,SCHW,0.29%,Â Â 101.79,0.80,(0.79%)
61,AppLovin Corporation,APP,0.29%,Â Â 532.56,-32.96,(-5.83%)
62,Texas Instruments,TXN,0.28%,Â Â 194.41,4.82,(2.54%)
63,Uber,UBER,0.28%,Â Â 84.26,0.54,(0.65%)
64,BlackRock,BLK,0.28%,Â Â 1127.85,17.80,(1.60%)
65,NextEra Energy,NEE,0.28%,Â Â 83.85,0.34,(0.41%)
66,TJX Companies,TJX,0.28%,Â Â 155.85,-0.23,(-0.15%)
67,Accenture,ACN,0.28%,Â Â 280.72,8.01,(2.94%)
68,Danaher Corporation,DHR,0.28%,Â Â 242.05,7.72,(3.29%)
69,Qualcomm,QCOM,0.27%,Â Â 156.37,2.30,(1.49%)
70,AT&T,T,0.27%,Â Â 23.50,0.05,(0.21%)
71,Booking Holdings,BKNG,0.27%,Â Â 5163.61,136.61,(2.72%)
72,Verizon,VZ,0.27%,Â Â 39.24,0.16,(0.41%)
73,S&P Global,SPGI,0.26%,Â Â 531.16,12.12,(2.34%)
74,Arista Networks,ANET,0.26%,Â Â 127.29,-0.23,(-0.18%)
75,Gilead Sciences,GILD,0.26%,Â Â 129.11,4.97,(4.00%)
76,Lowe's,LOW,0.25%,Â Â 277.11,8.71,(3.25%)
77,Analog Devices,ADI,0.24%,Â Â 304.97,9.30,(3.15%)
78,Pfizer,PFE,0.24%,Â Â 25.89,0.37,(1.45%)
79,Capital One,COF,0.24%,Â Â 231.01,2.29,(1.00%)
80,Intuit,INTU,0.24%,Â Â 524.92,-4.03,(-0.76%)
81,Deere & Company,DE,0.23%,Â Â 529.51,20.83,(4.09%)
82,Honeywell,HON,0.22%,Â Â 219.17,4.10,(1.91%)
83,Stryker Corporation,SYK,0.22%,Â Â 362.94,3.33,(0.93%)
84,Union Pacific Corporation,UNP,0.22%,Â Â 229.39,7.70,(3.47%)
85,Boston Scientific,BSX,0.22%,Â Â 91.71,0.51,(0.56%)
86,Lockheed Martin,LMT,0.22%,Â Â 586.23,10.17,(1.77%)
87,ServiceNow,NOW,0.21%,Â Â 125.30,-0.10,(-0.08%)
88,Eaton Corporation,ETN,0.21%,Â Â 337.96,0.37,(0.11%)
89,Newmont,NEM,0.21%,Â Â 118.91,-0.03,(-0.03%)
90,Medtronic,MDT,0.21%,Â Â 100.29,1.69,(1.71%)
91,Welltower,WELL,0.21%,Â Â 186.00,-2.00,(-1.06%)
92,Palo Alto Networks,PANW,0.20%,Â Â 181.47,-2.59,(-1.41%)
93,Prologis,PLD,0.20%,Â Â 131.14,0.33,(0.25%)
94,Adobe Inc.,ADBE,0.19%,Â Â 294.23,3.86,(1.33%)
95,Blackstone Inc.,BX,0.19%,Â Â 155.97,2.06,(1.34%)
96,ConocoPhillips,COP,0.19%,Â Â 97.15,1.63,(1.71%)
97,Parker Hannifin,PH,0.19%,Â Â 945.29,15.80,(1.70%)
98,Progressive Corporation,PGR,0.19%,Â Â 203.00,-0.92,(-0.45%)
99,Chubb Limited,CB,0.19%,Â Â 299.98,-1.08,(-0.36%)
100,Vertex Pharmaceuticals,VRTX,0.19%,Â Â 461.14,19.06,(4.31%)
101,CrowdStrike,CRWD,0.18%,Â Â 445.88,3.15,(0.71%)
102,Bristol Myers Squibb,BMY,0.18%,Â Â 54.50,0.28,(0.52%)
103,KKR,KKR,0.18%,Â Â 124.33,1.43,(1.16%)
104,Starbucks,SBUX,0.18%,Â Â 96.43,2.77,(2.96%)
105,Constellation Energy,CEG,0.17%,Â Â 294.37,-1.03,(-0.35%)
106,HCA Healthcare,HCA,0.17%,Â Â 465.44,1.06,(0.23%)
107,Comcast,CMCSA,0.17%,Â Â 28.89,0.73,(2.59%)
108,Automatic Data Processing,ADP,0.17%,Â Â 256.99,1.89,(0.74%)
109,CVS Health,CVS,0.17%,Â Â 81.49,1.40,(1.75%)
110,Altria,MO,0.17%,Â Â 61.08,-0.07,(-0.11%)
111,McKesson Corporation,MCK,0.16%,Â Â 823.25,1.41,(0.17%)
112,CME Group,CME,0.16%,Â Â 279.07,-0.84,(-0.30%)
113,Synopsys,SNPS,0.16%,Â Â 521.95,10.98,(2.15%)
114,General Dynamics,GD,0.16%,Â Â 364.78,5.61,(1.56%)
115,Southern Company,SO,0.16%,Â Â 89.15,0.33,(0.37%)
116,Intercontinental Exchange,ICE,0.16%,Â Â 171.90,0.95,(0.56%)
117,"Nike, Inc.",NKE,0.16%,Â Â 65.41,1.78,(2.80%)
118,"Robinhood Markets, Inc.",HOOD,0.15%,Â Â 105.92,0.14,(0.13%)
119,Northrop Grumman,NOC,0.15%,Â Â 664.16,6.86,(1.04%)
120,Moody's Corporation,MCO,0.15%,Â Â 524.82,7.52,(1.45%)
121,Duke Energy,DUK,0.15%,Â Â 119.37,-0.18,(-0.15%)
122,United Parcel Service,UPS,0.15%,Â Â 108.48,1.94,(1.82%)
123,Waste Management,WM,0.15%,Â Â 226.49,5.19,(2.35%)
124,PNC Financial Services,PNC,0.15%,Â Â 225.49,4.53,(2.05%)
125,Howmet Aerospace,HWM,0.15%,Â Â 225.00,4.64,(2.11%)
126,DoorDash,DASH,0.14%,Â Â 206.48,0.81,(0.39%)
127,Sherwin-Williams,SHW,0.14%,Â Â 356.31,9.35,(2.69%)
128,"Marsh & McLennan Companies, Inc.",MRSH,0.14%,Â Â 179.68,-1.32,(-0.73%)
129,Trane Technologies,TT,0.14%,Â Â 395.33,8.00,(2.07%)
130,Freeport-McMoRan,FCX,0.14%,Â Â 60.58,0.51,(0.85%)
131,U.S. Bancorp,USB,0.14%,Â Â 55.47,1.09,(2.00%)
132,Marriott International,MAR,0.14%,Â Â 320.56,6.72,(2.14%)
133,Cadence Design Systems,CDNS,0.14%,Â Â 313.84,6.84,(2.23%)
134,Emerson Electric,EMR,0.14%,Â Â 149.57,4.35,(3.00%)
135,American Tower,AMT,0.13%,Â Â 178.17,0.42,(0.24%)
136,O'Reilly Auto Parts,ORLY,0.13%,Â Â 98.78,3.54,(3.72%)
137,3M,MMM,0.13%,Â Â 155.88,-0.24,(-0.15%)
138,Western Digital,WDC,0.13%,Â Â 241.90,18.93,(8.49%)
139,BNY Mellon,BK,0.13%,Â Â 119.76,-0.92,(-0.76%)
140,Elevance Health,ELV,0.13%,Â Â 369.88,2.82,(0.77%)
141,TransDigm Group,TDG,0.13%,Â Â 1449.98,1.43,(0.10%)
142,Airbnb,ABNB,0.13%,Â Â 133.59,2.86,(2.19%)
143,Apollo Global Management,APO,0.13%,Â Â 139.53,0.89,(0.64%)
144,CRH plc,CRH,0.13%,Â Â 121.00,0.14,(0.12%)
145,Cummins,CMI,0.13%,Â Â 582.04,16.24,(2.87%)
146,Corning Inc.,GLW,0.13%,Â Â 93.52,0.95,(1.03%)
147,Monster Beverage,MNST,0.13%,Â Â 81.60,0.13,(0.16%)
148,Ecolab,ECL,0.13%,Â Â 279.86,6.86,(2.51%)
149,Regeneron Pharmaceuticals,REGN,0.13%,Â Â 749.33,15.55,(2.12%)
150,Cintas,CTAS,0.13%,Â Â 195.41,1.67,(0.86%)
151,Equinix,EQIX,0.13%,Â Â 795.48,11.28,(1.44%)
152,Williams Companies,WMB,0.12%,Â Â 63.18,1.67,(2.72%)
153,Royal Caribbean Group,RCL,0.12%,Â Â 277.77,7.76,(2.87%)
154,General Motors,GM,0.12%,Â Â 80.93,3.12,(4.01%)
155,Illinois Tool Works,ITW,0.12%,Â Â 259.94,5.49,(2.16%)
156,Dell Technologies,DELL,0.12%,Â Â 113.26,2.19,(1.97%)
157,Seagate Technology,STX,0.12%,Â Â 344.22,18.23,(5.59%)
158,Mondelez International,MDLZ,0.12%,Â Â 57.35,-0.64,(-1.10%)
159,Sandisk Corporation,SNDK,0.12%,Â Â 501.29,48.17,(10.63%)
160,Cigna,CI,0.12%,Â Â 274.91,3.67,(1.35%)
161,Schlumberger,SLB,0.12%,Â Â 48.52,2.07,(4.46%)
162,FedEx,FDX,0.12%,Â Â 306.95,5.92,(1.97%)
163,Aon,AON,0.12%,Â Â 332.76,-6.74,(-1.99%)
164,Warner Bros. Discovery,WBD,0.11%,Â Â 28.53,0.29,(1.03%)
165,Johnson Controls,JCI,0.11%,Â Â 115.49,0.93,(0.81%)
166,Quanta Services,PWR,0.11%,Â Â 473.24,9.75,(2.10%)
167,Hilton Worldwide,HLT,0.11%,Â Â 296.46,6.48,(2.23%)
168,Colgate-Palmolive,CL,0.11%,Â Â 84.73,-0.71,(-0.83%)
169,Cencora,COR,0.11%,Â Â 351.75,1.08,(0.31%)
170,CSX Corporation,CSX,0.11%,Â Â 36.53,1.02,(2.87%)
171,TE Connectivity,TEL,0.11%,Â Â 231.00,-2.27,(-0.97%)
172,Republic Services,RSG,0.11%,Â Â 214.29,3.67,(1.74%)
173,Motorola Solutions,MSI,0.11%,Â Â 394.95,3.87,(0.99%)
174,L3Harris,LHX,0.10%,Â Â 347.81,5.48,(1.60%)
175,Norfolk Southern Railway,NSC,0.10%,Â Â 289.10,8.71,(3.11%)
176,Paccar,PCAR,0.10%,Â Â 123.26,3.88,(3.25%)
177,Carvana Co.,CVNA,0.10%,Â Â 455.02,12.73,(2.88%)
178,Arthur J. Gallagher & Co.,AJG,0.10%,Â Â 250.08,-4.80,(-1.88%)
179,Truist Financial,TFC,0.10%,Â Â 50.02,0.88,(1.79%)
180,Kinder Morgan,KMI,0.10%,Â Â 28.58,0.62,(2.22%)
181,American Electric Power,AEP,0.10%,Â Â 118.98,-0.24,(-0.20%)
182,Ross Stores,ROST,0.10%,Â Â 192.32,2.63,(1.39%)
183,Coinbase Global,COIN,0.10%,Â Â 226.93,-0.80,(-0.35%)
184,AutoZone,AZO,0.10%,Â Â 3671.68,97.70,(2.73%)
185,Travelers Companies (The),TRV,0.10%,Â Â 272.65,3.04,(1.13%)
186,Simon Property Group,SPG,0.10%,Â Â 185.17,0.85,(0.46%)
187,United Rentals,URI,0.10%,Â Â 940.09,29.54,(3.24%)
188,NXP Semiconductors,NXPI,0.09%,Â Â 233.72,3.02,(1.31%)
189,Becton Dickinson,BDX,0.09%,Â Â 206.18,2.79,(1.37%)
190,EOG Resources,EOG,0.09%,Â Â 108.05,1.84,(1.73%)
191,Air Products,APD,0.09%,Â Â 263.11,4.93,(1.91%)
192,Valero Energy,VLO,0.09%,Â Â 188.19,3.46,(1.87%)
193,Phillips 66,PSX,0.09%,Â Â 141.64,3.17,(2.29%)
194,Aflac,AFL,0.09%,Â Â 108.56,-0.70,(-0.64%)
195,Realty Income,O,0.09%,Â Â 61.79,0.17,(0.28%)
196,"Nasdaq, Inc.",NDAQ,0.09%,Â Â 98.78,1.37,(1.41%)
197,Fortinet,FTNT,0.09%,Â Â 75.75,0.29,(0.38%)
198,Sempra,SRE,0.09%,Â Â 85.98,-2.45,(-2.77%)
199,Idexx Laboratories,IDXX,0.09%,Â Â 696.46,10.44,(1.52%)
200,Zoetis,ZTS,0.09%,Â Â 125.08,1.84,(1.49%)
201,Ford Motor Company,F,0.09%,Â Â 13.77,0.49,(3.69%)
202,Digital Realty,DLR,0.09%,Â Â 159.00,-0.62,(-0.39%)
203,Autodesk,ADSK,0.09%,Â Â 257.44,3.57,(1.41%)
204,Vistra Corp.,VST,0.09%,Â Â 160.02,3.21,(2.05%)
205,Chipotle Mexican Grill,CMG,0.09%,Â Â 40.72,1.72,(4.41%)
206,Marathon Petroleum,MPC,0.09%,Â Â 177.48,2.60,(1.49%)
207,Baker Hughes,BKR,0.09%,Â Â 53.59,2.33,(4.55%)
208,PayPal,PYPL,0.08%,Â Â 55.89,0.81,(1.47%)
209,Dominion Energy,D,0.08%,Â Â 60.92,-0.17,(-0.28%)
210,Monolithic Power Systems,MPWR,0.08%,Â Â 1074.93,40.44,(3.91%)
211,Fastenal,FAST,0.08%,Â Â 44.61,1.99,(4.67%)
212,Electronic Arts,EA,0.08%,Â Â 204.15,0.15,(0.07%)
213,Ametek,AME,0.08%,Â Â 220.42,7.28,(3.42%)
214,Allstate,ALL,0.08%,Â Â 193.66,0.11,(0.06%)
215,CBRE Group,CBRE,0.08%,Â Â 170.29,4.93,(2.98%)
216,Public Storage,PSA,0.08%,Â Â 288.70,3.52,(1.23%)
217,MetLife,MET,0.08%,Â Â 76.60,1.03,(1.36%)
218,W. W. Grainger,GWW,0.08%,Â Â 1058.58,24.33,(2.35%)
219,Cardinal Health,CAH,0.08%,Â Â 208.47,-1.90,(-0.90%)
220,Edwards Lifesciences,EW,0.08%,Â Â 85.14,1.68,(2.01%)
221,Carrier Global,CARR,0.08%,Â Â 57.74,2.53,(4.58%)
222,Axon Enterprise,AXON,0.08%,Â Â 610.25,-10.27,(-1.66%)
223,Corteva,CTVA,0.08%,Â Â 71.48,2.58,(3.74%)
224,"Workday, Inc.",WDAY,0.08%,Â Â 183.41,0.42,(0.23%)
225,Target Corporation,TGT,0.08%,Â Â 106.04,-3.30,(-3.02%)
226,ONEOK,OKE,0.08%,Â Â 75.82,1.76,(2.38%)
227,Rockwell Automation,ROK,0.08%,Â Â 420.30,16.30,(4.03%)
228,Ameriprise Financial,AMP,0.08%,Â Â 503.75,11.17,(2.27%)
229,D. R. Horton,DHI,0.07%,Â Â 158.11,4.92,(3.21%)
230,Exelon,EXC,0.07%,Â Â 45.00,0.05,(0.11%)
231,Xcel Energy,XEL,0.07%,Â Â 76.51,0.30,(0.39%)
232,Delta Air Lines,DAL,0.07%,Â Â 68.95,1.49,(2.21%)
233,MSCI,MSCI,0.07%,Â Â 588.97,4.75,(0.81%)
234,Take-Two Interactive,TTWO,0.07%,Â Â 238.23,-2.38,(-0.99%)
235,Diamondback Energy,FANG,0.07%,Â Â 153.00,4.30,(2.89%)
236,Roper Technologies,ROP,0.07%,Â Â 404.66,0.90,(0.22%)
237,Datadog,DDOG,0.07%,Â Â 123.46,6.46,(5.52%)
238,Yum! Brands,YUM,0.07%,Â Â 154.41,1.21,(0.79%)
239,Occidental Petroleum,OXY,0.07%,Â Â 43.51,1.27,(3.01%)
240,Entergy,ETR,0.07%,Â Â 95.73,0.98,(1.03%)
241,EstÃ©e Lauder Companies (The),EL,0.07%,Â Â 117.87,3.41,(2.98%)
242,eBay,EBAY,0.07%,Â Â 92.82,2.12,(2.34%)
243,Nucor,NUE,0.07%,Â Â 180.23,5.74,(3.29%)
244,Microchip Technology,MCHP,0.07%,Â Â 76.20,3.03,(4.14%)
245,IQVIA,IQV,0.07%,Â Â 241.40,7.71,(3.30%)
246,Targa Resources,TRGP,0.07%,Â Â 190.06,4.99,(2.70%)
247,Cognizant,CTSH,0.07%,Â Â 84.03,1.82,(2.21%)
248,"Comfort Systems USA, Inc.",FIX,0.07%,Â Â 1148.00,13.25,(1.17%)
249,Kroger,KR,0.07%,Â Â 63.92,0.77,(1.22%)
250,Las Vegas Sands,LVS,0.06%,Â Â 59.60,1.06,(1.81%)
251,Copart,CPRT,0.06%,Â Â 41.31,0.60,(1.47%)
252,Wabtec,WAB,0.06%,Â Â 233.00,5.44,(2.39%)
253,Public Service Enterprise Group,PEG,0.06%,Â Â 79.77,0.40,(0.50%)
254,Hershey Company (The),HSY,0.06%,Â Â 196.07,-2.80,(-1.41%)
255,Agilent Technologies,A,0.06%,Â Â 139.77,3.94,(2.90%)
256,Vulcan Materials Company,VMC,0.06%,Â Â 299.01,2.86,(0.97%)
257,Garmin,GRMN,0.06%,Â Â 204.57,3.84,(1.91%)
258,"Block, Inc.",XYZ,0.06%,Â Â 64.00,1.37,(2.19%)
259,American International Group,AIG,0.06%,Â Â 71.89,-0.55,(-0.76%)
260,Martin Marietta Materials,MLM,0.06%,Â Â 641.14,10.24,(1.62%)
261,Paychex,PAYX,0.06%,Â Â 107.19,-0.23,(-0.21%)
262,Prudential Financial,PRU,0.06%,Â Â 109.49,1.14,(1.05%)
263,Crown Castle,CCI,0.06%,Â Â 87.17,0.36,(0.41%)
264,ResMed,RMD,0.06%,Â Â 259.28,6.09,(2.41%)
265,Keurig Dr Pepper,KDP,0.06%,Â Â 27.70,-0.25,(-0.89%)
266,Consolidated Edison,ED,0.06%,Â Â 103.84,-1.21,(-1.15%)
267,Old Dominion,ODFL,0.06%,Â Â 178.40,8.40,(4.94%)
268,Keysight Technologies,KEYS,0.06%,Â Â 216.69,4.73,(2.23%)
269,Carnival,CCL,0.06%,Â Â 28.25,0.23,(0.82%)
270,GE HealthCare,GEHC,0.06%,Â Â 81.10,2.27,(2.88%)
271,Sysco,SYY,0.06%,Â Â 76.93,0.41,(0.54%)
272,Ventas,VTR,0.06%,Â Â 77.78,-0.40,(-0.51%)
273,Fair Isaac,FICO,0.06%,Â Â 1535.54,41.04,(2.75%)
274,Teradyne,TER,0.06%,Â Â 231.89,7.91,(3.53%)
275,Hartford (The),HIG,0.06%,Â Â 129.56,0.76,(0.59%)
276,United Airlines Holdings,UAL,0.06%,Â Â 110.96,2.39,(2.20%)
277,Ares Management Corporation,ARES,0.06%,Â Â 162.34,-0.82,(-0.50%)
278,WEC Energy Group,WEC,0.06%,Â Â 109.52,0.46,(0.42%)
279,Ingersoll Rand,IR,0.06%,Â Â 89.82,4.66,(5.47%)
280,State Street Corporation,STT,0.06%,Â Â 126.91,1.60,(1.28%)
281,"Fiserv, Inc.",FISV,0.06%,Â Â 65.73,1.24,(1.92%)
282,Fifth Third Bancorp,FITB,0.06%,Â Â 52.86,2.74,(5.47%)
283,Otis Worldwide,OTIS,0.06%,Â Â 89.48,1.34,(1.52%)
284,Xylem Inc.,XYL,0.06%,Â Â 141.76,2.94,(2.12%)
285,EQT Corporation,EQT,0.06%,Â Â 54.83,3.35,(6.51%)
286,Interactive Brokers Group,IBKR,0.05%,Â Â 75.80,4.29,(6.00%)
287,M&T Bank,MTB,0.05%,Â Â 219.16,7.45,(3.52%)
288,Raymond James Financial,RJF,0.05%,Â Â 170.06,2.23,(1.33%)
289,Arch Capital Group,ACGL,0.05%,Â Â 92.28,0.48,(0.52%)
290,PG&E Corporation,PCG,0.05%,Â Â 15.17,-0.08,(-0.52%)
291,Kenvue,KVUE,0.05%,Â Â 17.38,-0.21,(-1.19%)
292,Expedia Group,EXPE,0.05%,Â Â 271.56,-0.59,(-0.22%)
293,Kimberly-Clark,KMB,0.05%,Â Â 100.02,-1.46,(-1.44%)
294,Humana,HUM,0.05%,Â Â 270.67,2.67,(1.00%)
295,Archer Daniels Midland,ADM,0.05%,Â Â 67.70,1.82,(2.76%)
296,Live Nation Entertainment,LYV,0.05%,Â Â 139.71,-0.94,(-0.67%)
297,Dollar General,DG,0.05%,Â Â 147.16,0.53,(0.36%)
298,"EMCOR Group, Inc.",EME,0.05%,Â Â 708.71,20.95,(3.05%)
299,Fidelity National Information Services,FIS,0.05%,Â Â 60.58,0.51,(0.85%)
300,Extra Space Storage,EXR,0.05%,Â Â 145.42,-0.11,(-0.08%)
301,Willis Towers Watson,WTW,0.05%,Â Â 319.02,-2.77,(-0.86%)
302,"Rollins, Inc.",ROL,0.05%,Â Â 63.30,0.19,(0.30%)
303,Vici Properties,VICI,0.05%,Â Â 28.37,-0.45,(-1.56%)
304,Ulta Beauty,ULTA,0.05%,Â Â 683.45,7.83,(1.16%)
305,Verisk Analytics,VRSK,0.05%,Â Â 216.59,-1.90,(-0.87%)
306,Huntington Bancshares,HBAN,0.05%,Â Â 18.77,0.78,(4.34%)
307,Mettler Toledo,MTD,0.05%,Â Â 1442.93,39.35,(2.80%)
308,Teledyne Technologies,TDY,0.05%,Â Â 621.79,55.56,(9.81%)
309,Lennar,LEN,0.05%,Â Â 118.00,2.84,(2.47%)
310,NRG Energy,NRG,0.05%,Â Â 150.68,1.77,(1.19%)
311,Dover Corporation,DOV,0.05%,Â Â 208.55,7.28,(3.62%)
312,Cboe Global Markets,CBOE,0.05%,Â Â 273.07,1.15,(0.42%)
313,DTE Energy,DTE,0.05%,Â Â 137.07,1.46,(1.08%)
314,Constellation Brands,STZ,0.05%,Â Â 163.38,-0.26,(-0.16%)
315,Ameren,AEE,0.05%,Â Â 104.13,0.40,(0.39%)
316,Dexcom,DXCM,0.05%,Â Â 72.11,1.38,(1.95%)
317,Tractor Supply,TSCO,0.05%,Â Â 53.17,2.20,(4.32%)
318,Halliburton,HAL,0.05%,Â Â 33.36,1.30,(4.05%)
319,Hewlett Packard Enterprise,HPE,0.05%,Â Â 21.02,0.63,(3.09%)
320,Synchrony Financial,SYF,0.04%,Â Â 77.13,1.05,(1.38%)
321,Iron Mountain,IRM,0.04%,Â Â 93.81,1.46,(1.58%)
322,Citizens Financial Group,CFG,0.04%,Â Â 64.06,4.25,(7.11%)
323,PPL Corporation,PPL,0.04%,Â Â 37.18,0.27,(0.73%)
324,CoStar Group,CSGP,0.04%,Â Â 64.77,0.95,(1.49%)
325,FirstEnergy,FE,0.04%,Â Â 47.37,0.11,(0.23%)
326,Northern Trust,NTRS,0.04%,Â Â 144.42,1.12,(0.78%)
327,Atmos Energy,ATO,0.04%,Â Â 168.37,0.37,(0.22%)
328,"Tapestry, Inc.",TPR,0.04%,Â Â 132.24,3.08,(2.38%)
329,Eversource Energy,ES,0.04%,Â Â 71.38,0.59,(0.83%)
330,Jabil,JBL,0.04%,Â Â 253.15,6.40,(2.59%)
331,Brown & Brown,BRO,0.04%,Â Â 78.07,-1.04,(-1.31%)
332,Kraft Heinz,KHC,0.04%,Â Â 22.40,-1.36,(-5.72%)
333,Dollar Tree,DLTR,0.04%,Â Â 132.94,-1.12,(-0.84%)
334,Steel Dynamics,STLD,0.04%,Â Â 179.83,8.02,(4.67%)
335,First Solar,FSLR,0.04%,Â Â 243.72,1.61,(0.66%)
336,Expand Energy,EXE,0.04%,Â Â 109.50,4.75,(4.53%)
337,Equifax,EFX,0.04%,Â Â 212.01,3.66,(1.76%)
338,CenterPoint Energy,CNP,0.04%,Â Â 39.53,0.23,(0.59%)
339,Williams-Sonoma,WSM,0.04%,Â Â 215.54,9.65,(4.69%)
340,W. R. Berkley Corporation,WRB,0.04%,Â Â 67.54,-0.19,(-0.28%)
341,Hubbell Incorporated,HUBB,0.04%,Â Â 482.50,9.96,(2.11%)
342,Steris,STE,0.04%,Â Â 261.18,3.19,(1.24%)
343,American Water Works,AWK,0.04%,Â Â 130.99,-0.43,(-0.33%)
344,ON Semiconductor,ON,0.04%,Â Â 63.13,3.07,(5.11%)
345,AvalonBay Communities,AVB,0.04%,Â Â 178.96,0.70,(0.39%)
346,PulteGroup,PHM,0.04%,Â Â 129.97,3.16,(2.49%)
347,Biogen,BIIB,0.04%,Â Â 172.62,7.24,(4.38%)
348,Veralto,VLTO,0.04%,Â Â 101.91,0.80,(0.79%)
349,PPG Industries,PPG,0.04%,Â Â 112.54,3.53,(3.24%)
350,Cincinnati Financial,CINF,0.04%,Â Â 161.78,0.97,(0.60%)
351,Regions Financial Corporation,RF,0.04%,Â Â 28.65,1.02,(3.69%)
352,Omnicom Group,OMC,0.04%,Â Â 78.58,0.55,(0.70%)
353,Leidos,LDOS,0.04%,Â Â 192.12,1.20,(0.63%)
354,Charter Communications,CHTR,0.04%,Â Â 187.37,3.17,(1.72%)
355,Broadridge Financial Solutions,BR,0.04%,Â Â 206.85,-2.43,(-1.16%)
356,Darden Restaurants,DRI,0.04%,Â Â 207.34,-1.54,(-0.74%)
357,Texas Pacific Land Corporation,TPL,0.04%,Â Â 346.23,18.36,(5.60%)
358,Devon Energy,DVN,0.04%,Â Â 37.75,1.46,(4.02%)
359,Waters Corporation,WAT,0.04%,Â Â 396.71,12.85,(3.35%)
360,KeyCorp,KEY,0.04%,Â Â 21.69,0.60,(2.84%)
361,General Mills,GIS,0.04%,Â Â 43.98,-0.47,(-1.06%)
362,Verisign,VRSN,0.04%,Â Â 252.77,4.65,(1.87%)
363,Equity Residential,EQR,0.04%,Â Â 61.35,0.33,(0.54%)
364,Edison International,EIX,0.04%,Â Â 60.42,0.51,(0.85%)
365,T. Rowe Price,TROW,0.04%,Â Â 106.13,2.45,(2.36%)
366,International Paper,IP,0.04%,Â Â 42.79,1.13,(2.71%)
367,Ralph Lauren Corporation,RL,0.04%,Â Â 369.58,9.36,(2.60%)
368,LabCorp,LH,0.04%,Â Â 269.14,-2.17,(-0.80%)
369,Lululemon Athletica,LULU,0.04%,Â Â 189.84,1.08,(0.57%)
370,Centene Corporation,CNC,0.04%,Â Â 45.26,-0.50,(-1.09%)
371,Southwest Airlines,LUV,0.04%,Â Â 42.85,0.47,(1.11%)
372,Corpay,CPAY,0.04%,Â Â 316.45,11.20,(3.67%)
373,Church & Dwight,CHD,0.04%,Â Â 91.76,-0.39,(-0.42%)
374,Smurfit WestRock,SW,0.04%,Â Â 41.93,0.98,(2.39%)
375,CMS Energy,CMS,0.04%,Â Â 71.69,0.34,(0.48%)
376,Expeditors International,EXPD,0.04%,Â Â 162.51,3.39,(2.13%)
377,Bunge Global,BG,0.03%,Â Â 112.07,2.01,(1.83%)
378,Qnity Electronics,Q,0.03%,Â Â 102.70,7.57,(7.96%)
379,"NVR, Inc.",NVR,0.03%,Â Â 7796.75,260.47,(3.46%)
380,Albemarle Corporation,ALB,0.03%,Â Â 180.06,7.52,(4.36%)
381,C.H. Robinson,CHRW,0.03%,Â Â 179.38,4.28,(2.44%)
382,Tyson Foods,TSN,0.03%,Â Â 59.99,-0.91,(-1.49%)
383,Loews Corporation,L,0.03%,Â Â 102.38,0.08,(0.08%)
384,NiSource,NI,0.03%,Â Â 43.79,0.39,(0.90%)
385,Incyte,INCY,0.03%,Â Â 104.67,2.05,(2.00%)
386,Quest Diagnostics,DGX,0.03%,Â Â 184.65,-4.30,(-2.28%)
387,Global Payments,GPN,0.03%,Â Â 73.35,1.68,(2.34%)
388,Coterra,CTRA,0.03%,Â Â 26.75,0.53,(2.02%)
389,Dow Inc.,DOW,0.03%,Â Â 28.41,1.83,(6.88%)
390,Insulet Corporation,PODD,0.03%,Â Â 284.96,0.71,(0.25%)
391,Principal Financial Group,PFG,0.03%,Â Â 91.09,2.55,(2.88%)
392,J.B. Hunt,JBHT,0.03%,Â Â 209.70,6.20,(3.05%)
393,SBA Communications,SBAC,0.03%,Â Â 186.13,0.25,(0.13%)
394,Packaging Corporation of America,PKG,0.03%,Â Â 220.00,2.89,(1.33%)
395,Amcor,AMCR,0.03%,Â Â 42.40,1.23,(2.99%)
396,Weyerhaeuser,WY,0.03%,Â Â 27.07,0.11,(0.41%)
397,Moderna,MRNA,0.03%,Â Â 49.81,6.81,(15.84%)
398,Snap-on,SNA,0.03%,Â Â 371.64,7.06,(1.94%)
399,Supermicro,SMCI,0.03%,Â Â 32.24,0.83,(2.64%)
400,NetApp,NTAP,0.03%,Â Â 97.09,2.98,(3.17%)
401,PTC Inc.,PTC,0.03%,Â Â 161.32,0.21,(0.13%)
402,Genuine Parts Company,GPC,0.03%,Â Â 136.24,4.27,(3.24%)
403,Tyler Technologies,TYL,0.03%,Â Â 434.33,5.86,(1.37%)
404,West Pharmaceutical Services,WST,0.03%,Â Â 255.16,4.66,(1.86%)
405,International Flavors & Fragrances,IFF,0.03%,Â Â 71.30,0.44,(0.62%)
406,DuPont,DD,0.03%,Â Â 43.38,1.10,(2.60%)
407,Lennox International,LII,0.03%,Â Â 516.42,10.98,(2.17%)
408,HP Inc.,HPQ,0.03%,Â Â 19.53,-0.27,(-1.36%)
409,McCormick & Company,MKC,0.03%,Â Â 66.56,-1.27,(-1.87%)
410,Evergy,EVRG,0.03%,Â Â 76.91,0.78,(1.02%)
411,Pentair,PNR,0.03%,Â Â 107.15,2.82,(2.70%)
412,Aptiv,APTV,0.03%,Â Â 80.27,3.10,(4.02%)
413,Alliant Energy,LNT,0.03%,Â Â 67.44,0.16,(0.24%)
414,Fortive,FTV,0.03%,Â Â 54.44,1.74,(3.30%)
415,Zimmer Biomet,ZBH,0.03%,Â Â 86.55,-0.25,(-0.29%)
416,"The Trade Desk, Inc.",TTD,0.03%,Â Â 35.33,1.18,(3.46%)
417,Textron,TXT,0.03%,Â Â 96.32,3.16,(3.39%)
418,Invitation Homes,INVH,0.03%,Â Â 27.50,0.21,(0.77%)
419,Hologic,HOLX,0.03%,Â Â 75.14,0.03,(0.04%)
420,Gartner,IT,0.03%,Â Â 232.44,10.61,(4.78%)
421,Trimble Inc.,TRMB,0.03%,Â Â 70.24,0.65,(0.93%)
422,LyondellBasell,LYB,0.03%,Â Â 51.82,2.96,(6.06%)
423,CDW,CDW,0.03%,Â Â 127.62,2.86,(2.29%)
424,Huntington Ingalls Industries,HII,0.03%,Â Â 422.68,7.10,(1.71%)
425,Essex Property Trust,ESS,0.03%,Â Â 257.24,0.99,(0.39%)
426,Jacobs Solutions,J,0.03%,Â Â 138.47,2.24,(1.64%)
427,Cooper Companies (The),COO,0.03%,Â Â 82.54,1.93,(2.39%)
428,TKO Group Holdings,TKO,0.03%,Â Â 204.42,1.01,(0.50%)
429,Mid-America Apartment Communities,MAA,0.03%,Â Â 135.38,0.96,(0.71%)
430,Gen Digital,GEN,0.03%,Â Â 25.20,0.05,(0.22%)
431,Fox Corporation (Class B),FOX,0.02%,Â Â 65.47,0.33,(0.51%)
432,Nordson Corporation,NDSN,0.02%,Â Â 273.10,7.02,(2.64%)
433,"F5, Inc.",FFIV,0.02%,Â Â 261.55,1.85,(0.71%)
434,Fox Corporation (Class A),FOXA,0.02%,Â Â 72.70,0.74,(1.03%)
435,Viatris,VTRS,0.02%,Â Â 13.05,0.39,(3.08%)
436,Ball Corporation,BALL,0.02%,Â Â 55.92,0.55,(0.99%)
437,IDEX Corporation,IEX,0.02%,Â Â 199.06,5.76,(2.98%)
438,Deckers Brands,DECK,0.02%,Â Â 101.94,3.96,(4.04%)
439,Erie Indemnity,ERIE,0.02%,Â Â 279.90,-6.98,(-2.43%)
440,Masco,MAS,0.02%,Â Â 70.18,2.02,(2.96%)
441,Avery Dennison,AVY,0.02%,Â Â 185.87,3.66,(2.01%)
442,CF Industries,CF,0.02%,Â Â 91.86,3.44,(3.89%)
443,Allegion,ALLE,0.02%,Â Â 165.88,2.87,(1.76%)
444,Kimco Realty,KIM,0.02%,Â Â 20.92,-0.05,(-0.24%)
445,GoDaddy,GDDY,0.02%,Â Â 104.14,0.65,(0.63%)
446,Builders FirstSource,BLDR,0.02%,Â Â 126.82,4.30,(3.51%)
447,Best Buy,BBY,0.02%,Â Â 66.56,0.73,(1.11%)
448,Solventum,SOLV,0.02%,Â Â 80.37,1.41,(1.79%)
449,Jack Henry & Associates,JKHY,0.02%,Â Â 187.82,0.97,(0.52%)
450,Everest Group,EG,0.02%,Â Â 322.94,2.94,(0.92%)
451,Clorox,CLX,0.02%,Â Â 110.54,0.70,(0.64%)
452,Akamai Technologies,AKAM,0.02%,Â Â 93.72,4.12,(4.60%)
453,Domino's,DPZ,0.02%,Â Â 398.92,11.28,(2.91%)
454,Hormel Foods,HRL,0.02%,Â Â 24.43,-0.13,(-0.53%)
455,Franklin Resources,BEN,0.02%,Â Â 25.47,0.63,(2.54%)
456,Revvity,RVTY,0.02%,Â Â 116.53,4.64,(4.15%)
457,Regency Centers,REG,0.02%,Â Â 71.02,0.49,(0.69%)
458,Invesco,IVZ,0.02%,Â Â 29.17,1.26,(4.51%)
459,BrownâForman,BF.B,0.02%,Â Â 28.01,0.82,(3.02%)
460,Stanley Black & Decker,SWK,0.02%,Â Â 83.54,2.80,(3.47%)
461,Host Hotels & Resorts,HST,0.02%,Â Â 18.68,0.44,(2.41%)
462,Paramount Skydance Corp,PSKY,0.02%,Â Â 11.60,0.05,(0.43%)
463,Universal Health Services,UHS,0.02%,Â Â 203.68,3.81,(1.91%)
464,"UDR, Inc.",UDR,0.02%,Â Â 37.67,0.51,(1.37%)
465,Healthpeak Properties,DOC,0.02%,Â Â 17.91,0.08,(0.45%)
466,Hasbro,HAS,0.02%,Â Â 87.90,2.77,(3.25%)
467,Zebra Technologies,ZBRA,0.02%,Â Â 242.98,4.27,(1.79%)
468,Align Technology,ALGN,0.02%,Â Â 169.95,4.40,(2.66%)
469,Assurant,AIZ,0.02%,Â Â 238.23,5.48,(2.35%)
470,Wynn Resorts,WYNN,0.02%,Â Â 114.13,2.85,(2.56%)
471,EPAM Systems,EPAM,0.02%,Â Â 212.95,6.47,(3.13%)
472,Camden Property Trust,CPT,0.02%,Â Â 108.43,1.18,(1.10%)
473,Pinnacle West,PNW,0.02%,Â Â 93.45,0.50,(0.54%)
474,Charles River Laboratories,CRL,0.02%,Â Â 226.77,8.58,(3.93%)
475,Bio-Techne,TECH,0.02%,Â Â 71.38,1.81,(2.60%)
476,Dayforce,DAY,0.02%,Â Â 69.10,0.08,(0.12%)
477,Globe Life,GL,0.02%,Â Â 138.73,1.73,(1.26%)
478,J.M. Smucker Company (The),SJM,0.02%,Â Â 102.19,-1.01,(-0.98%)
479,FactSet,FDS,0.02%,Â Â 284.13,7.08,(2.56%)
480,"BXP, Inc.",BXP,0.02%,Â Â 65.93,0.30,(0.46%)
481,AES Corporation,AES,0.02%,Â Â 14.24,0.47,(3.41%)
482,Baxter International,BAX,0.02%,Â Â 19.71,0.33,(1.70%)
483,Generac,GNRC,0.02%,Â Â 172.06,10.00,(6.17%)
484,A. O. Smith,AOS,0.02%,Â Â 72.24,1.68,(2.38%)
485,Molina Healthcare,MOH,0.02%,Â Â 194.60,3.33,(1.74%)
486,Alexandria Real Estate Equities,ARE,0.02%,Â Â 58.45,0.93,(1.62%)
487,Molson Coors Beverage Company,TAP,0.02%,Â Â 50.43,0.43,(0.86%)
488,Pool Corporation,POOL,0.02%,Â Â 266.74,6.05,(2.32%)
489,News Corp (Class A),NWSA,0.02%,Â Â 26.13,0.26,(1.01%)
490,Norwegian Cruise Line Holdings,NCLH,0.02%,Â Â 20.87,0.50,(2.45%)
491,APA Corporation,APA,0.02%,Â Â 26.54,1.19,(4.69%)
492,Henry Schein,HSIC,0.01%,Â Â 78.94,1.21,(1.56%)
493,MGM Resorts,MGM,0.01%,Â Â 33.90,0.30,(0.89%)
494,Federal Realty Investment Trust,FRT,0.01%,Â Â 102.46,-0.14,(-0.14%)
495,Skyworks Solutions,SWKS,0.01%,Â Â 58.55,1.14,(1.99%)
496,Mosaic Company (The),MOS,0.01%,Â Â 27.65,0.62,(2.29%)
497,Conagra Brands,CAG,0.01%,Â Â 17.30,0.13,(0.76%)
498,Paycom,PAYC,0.01%,Â Â 149.18,1.70,(1.15%)
499,Campbell Soup Company,CPB,0.01%,Â Â 26.20,-0.26,(-0.98%)
500,DaVita,DVA,0.01%,Â Â 106.30,2.37,(2.28%)
501,Match Group,MTCH,0.01%,Â Â 31.02,0.16,(0.53%)
502,Lamb Weston,LW,0.01%,Â Â 44.32,0.81,(1.86%)
503,News Corp (Class B),NWS,0.01%,Â Â 30.25,0.16,(0.53%)
